Forecasted_Demand,Current_Inventory,Safety_Stock,Reorder_Quantity
30765.01911136484,500,6153.003822272968,36418.02293363781
